{"stats":{"minecraft:picked_up":{"minecraft:sand":19},"minecraft:used":{"securitycraft:reinforced_soul_lantern":2,"minecraft:sand":17,"minecraft:zombie_spawn_egg":3,"securitycraft:claymore":4},"minecraft:custom":{"minecraft:jump":22,"minecraft:time_since_rest":4426,"minecraft:damage_dealt":9,"minecraft:crouch_one_cm":40,"minecraft:play_one_minute":4426,"minecraft:leave_game":2,"minecraft:sprint_one_cm":2137,"minecraft:time_since_death":4426,"minecraft:walk_one_cm":7305,"minecraft:sneak_time":32,"minecraft:mob_kills":1,"minecraft:fall_one_cm":209,"minecraft:fly_one_cm":12546}},"DataVersion":2586}